,country,continent,population,day,time,active_cases,critical_cases,total_cases,recovered_cases,1M_pop_cases,1M_pop_deaths,total_deaths,1M_pop_tests,total_tests
0,Afghanistan,Asia,40754388.0,2025-07-28,2025-07-28 16:15:05+00:00,15098,,234174,211080,5746,196,7996,34125,1390730
1,Albania,Europe,2866374.0,2025-07-28,2025-07-28 16:15:05+00:00,1025,,334863,330233,116825,1258,3605,677173,1941032
2,Algeria,Africa,45350148.0,2025-07-28,2025-07-28 16:15:05+00:00,82068,,272010,183061,5998,152,6881,5093,230960
3,Andorra,Europe,77463.0,2025-07-28,2025-07-28 16:15:06+00:00,,,48015,,619844,2130,165,3225256,249838
4,Angola,Africa,35027343.0,2025-07-28,2025-07-28 16:15:06+00:00,1971,,107327,103419,3064,55,1937,42818,1499795
5,Anguilla,North-America,15230.0,2025-07-28,2025-07-28 16:15:08+00:00,,,3904,,256336,788,12,3373736,51382
6,Antigua-and-Barbuda,North-America,99509.0,2025-07-28,2025-07-28 16:15:08+00:00,6,,9106,8954,91509,1467,146,189943,18901
7,Argentina,South-America,46010234.0,2025-07-28,2025-07-28 16:15:03+00:00,746,,10128845,9997258,220143,2844,130841,776264,35716069
8,Armenia,Asia,2971966.0,2025-07-28,2025-07-28 16:15:05+00:00,7892,,451831,435162,152031,2953,8777,1091164,3242901
9,Aruba,North-America,107609.0,2025-07-28,2025-07-28 16:15:07+00:00,1494,2,44224,42438,410969,2714,292,1653068,177885
10,Australia,Oceania,26068792.0,2025-07-28,2025-07-28 16:15:03+00:00,8716,3,11853144,11820014,454687,937,24414,3142326,81916639
11,Austria,Europe,9066710.0,2025-07-28,2025-07-28 16:15:03+00:00,3811,,6081287,6054934,670727,2486,22542,23302116,211273524
12,Azerbaijan,Asia,10300205.0,2025-07-28,2025-07-28 16:15:04+00:00,745,,835234,824089,81089,1010,10400,752223,7748050
13,Bahamas,North-America,400516.0,2025-07-28,2025-07-28 16:15:07+00:00,874,1,38084,36366,95087,2107,844,643767,257839
14,Bahrain,Asia,1783983.0,2025-07-28,2025-07-28 16:15:04+00:00,60,,729549,727915,408944,882,1574,6137138,10948549
15,Bangladesh,Asia,167885689.0,2025-07-28,2025-07-28 16:15:04+00:00,,,2049377,,12207,176,29493,90862,15254399
16,Barbados,North-America,288023.0,2025-07-28,2025-07-28 16:15:06+00:00,1283,,110578,108647,383921,2250,648,2826715,814159
17,Belarus,Europe,9432800.0,2025-07-28,2025-07-28 16:15:04+00:00,1327,,994037,985592,105381,755,7118,1446722,13646641
18,Belgium,Europe,11668278.0,2025-07-28,2025-07-28 16:15:03+00:00,521,,4861695,4826798,416659,2946,34376,3209915,37454182
19,Belize,North-America,412190.0,2025-07-28,2025-07-28 16:15:06+00:00,,,71409,,173243,1669,688,1397453,576016
20,Benin,Africa,12784726.0,2025-07-28,2025-07-28 16:15:07+00:00,26,,28036,27847,2193,13,163,47268,604310
21,Bermuda,North-America,61939.0,2025-07-28,2025-07-28 16:15:07+00:00,10,,18860,18685,304493,2664,165,16622128,1029558
22,Bhutan,Asia,787941.0,2025-07-28,2025-07-28 16:15:06+00:00,1112,,62697,61564,79571,27,21,2923739,2303734
23,Bolivia,South-America,11992656.0,2025-07-28,2025-07-28 16:15:04+00:00,12579,220,1212131,1177145,101073,1868,22407,225993,2710261
24,Bosnia-and-Herzegovina,Europe,3249317.0,2025-07-28,2025-07-28 16:15:05+00:00,8143,,403615,379084,124215,5044,16388,580036,1884721
25,Botswana,Africa,2441162.0,2025-07-28,2025-07-28 16:15:05+00:00,788,1,330638,327049,135443,1147,2801,830300,2026898
26,Brazil,South-America,215353593.0,2025-07-28,2025-07-28 16:15:02+00:00,1783377,,38743918,36249161,179908,3303,711380,296146,63776166
27,British-Virgin-Islands,North-America,30596.0,2025-07-28,2025-07-28 16:15:08+00:00,,,7392,,241600,2092,64,3508269,107339
28,Brunei,Asia,445431.0,2025-07-28,2025-07-28 16:15:05+00:00,99893,3,343719,243601,771655,505,225,1611437,717784
29,Bulgaria,Europe,6844597.0,2025-07-28,2025-07-28 16:15:04+00:00,8159,22,1339851,1292944,195753,5661,38748,1705147,11671043
30,Burkina-Faso,Africa,22102838.0,2025-07-28,2025-07-28 16:15:07+00:00,118,,22114,21596,1001,18,400,11265,248995
31,Burundi,Africa,12624840.0,2025-07-28,2025-07-28 16:15:06+00:00,1114,,54721,53569,4334,3,38,27386,345742
32,Cabo-Verde,Africa,567678.0,2025-07-28,2025-07-28 16:15:06+00:00,305,23,64477,63755,113580,735,417,707482,401622
33,Cambodia,Asia,17168639.0,2025-07-28,2025-07-28 16:15:06+00:00,3,,139103,136044,8102,178,3056,180062,3091420
34,Cameroon,Africa,27911548.0,2025-07-28,2025-07-28 16:15:06+00:00,125,,125379,123280,4492,71,1974,62762,1751774
35,Canada,North-America,38388419.0,2025-07-28,2025-07-28 16:15:03+00:00,5744,99,4946090,4881312,128843,1538,59034,1734189,66572774
36,CAR,Africa,5016678.0,2025-07-28,2025-07-28 16:15:08+00:00,127,2,15440,15200,3078,23,113,16205,81294
37,Caribbean-Netherlands,North-America,26647.0,2025-07-28,2025-07-28 16:15:08+00:00,1168,,11682,10476,438398,1426,38,1130559,30126
38,Cayman-Islands,North-America,67277.0,2025-07-28,2025-07-28 16:15:07+00:00,22882,1,31472,8553,467797,550,37,3311280,222773
39,Chad,Africa,17413580.0,2025-07-28,2025-07-28 16:15:08+00:00,2633,,7701,4874,442,11,194,10988,191341
40,Channel-Islands,Europe,176463.0,2025-07-28,2025-07-28 16:15:06+00:00,168,,101717,101321,576421,1292,228,7099551,1252808
41,Chile,South-America,19250195.0,2025-07-28,2025-07-28 16:15:03+00:00,67906,7,5384853,5252450,279730,3350,64497,2617225,50382097
42,China,Asia,1448471400.0,2025-07-28,2025-07-28 16:15:09+00:00,118977,,503302,379053,347,4,5272,110461,160000000
43,Colombia,South-America,51512762.0,2025-07-28,2025-07-28 16:15:03+00:00,44821,342,6400173,6212152,124244,2780,143200,717327,36951507
44,Comoros,Africa,907419.0,2025-07-28,2025-07-28 16:15:08+00:00,9,,9109,8939,10038,177,161,,
45,Congo,Africa,5797805.0,2025-07-28,2025-07-28 16:15:07+00:00,983,,25375,24006,4377,67,386,59991,347815
46,Cook-Islands,Oceania,17571.0,2025-07-28,2025-07-28 16:15:08+00:00,51,,7203,7150,409937,114,2,1120596,19690
47,Costa-Rica,North-America,5182354.0,2025-07-28,2025-07-28 16:15:04+00:00,,,1238883,,239058,1819,9428,899158,4659757
48,Croatia,Europe,4059286.0,2025-07-28,2025-07-28 16:15:04+00:00,32609,,1309728,1258432,322650,4604,18687,1394355,5660084
49,Cuba,North-America,11305652.0,2025-07-28,2025-07-28 16:15:04+00:00,61,,1115251,1106660,98645,754,8530,1273936,14402674
50,Cura&ccedil;ao,North-America,165529.0,2025-07-28,2025-07-28 16:15:07+00:00,971,3,45986,44720,277812,1782,295,3000640,496693
51,Cyprus,Asia,1223387.0,2025-07-28,2025-07-28 16:15:04+00:00,0,,681110,679745,556741,1116,1365,7879860,9640118
52,Czechia,Europe,10736784.0,2025-07-28,2025-07-28 16:15:03+00:00,318,2,4759041,4715206,443246,4053,43517,5386552,57834241
53,Denmark,Europe,5834950.0,2025-07-28,2025-07-28 16:15:03+00:00,0,,3183756,3174942,545636,1511,8814,22165247,129333107
54,Diamond-Princess,,,2025-07-28,2025-07-28 16:15:09+00:00,0,,712,699,,,13,,
55,Djibouti,Africa,1016097.0,2025-07-28,2025-07-28 16:15:08+00:00,74,,15690,15427,15441,186,189,301094,305941
56,Dominica,North-America,72344.0,2025-07-28,2025-07-28 16:15:08+00:00,0,,16038,15964,221691,1023,74,3170187,229344
57,Dominican-Republic,North-America,11056370.0,2025-07-28,2025-07-28 16:15:05+00:00,190,4,675890,671316,61131,397,4384,338350,3740928
58,DPRK,Asia,25990679.0,2025-07-28,2025-07-28 16:15:03+00:00,0,,4772813,4772739,183636,3,74,,
59,DRC,Africa,95240792.0,2025-07-28,2025-07-28 16:15:06+00:00,13381,,99338,84489,1043,15,1468,8890,846704
60,Ecuador,South-America,18113361.0,2025-07-28,2025-07-28 16:15:04+00:00,0,,1070188,1034145,59083,1990,36043,170173,3082403
61,Egypt,Africa,106156692.0,2025-07-28,2025-07-28 16:15:05+00:00,49228,122,516023,442182,4861,232,24613,34792,3693367
62,El-Salvador,North-America,6550389.0,2025-07-28,2025-07-28 16:15:05+00:00,18215,,201855,179410,30816,646,4230,398467,2610114
63,Equatorial-Guinea,Africa,1496662.0,2025-07-28,2025-07-28 16:15:07+00:00,139,5,17229,16907,11512,122,183,244342,365697
64,Eritrea,Africa,3662244.0,2025-07-28,2025-07-28 16:15:08+00:00,0,,10189,10086,2782,28,103,6470,23693
65,Estonia,Europe,1321910.0,2025-07-28,2025-07-28 16:15:05+00:00,,,628070,,475123,2270,3001,5271239,6968103
66,Eswatini,Africa,1184817.0,2025-07-28,2025-07-28 16:15:06+00:00,648,,75191,73116,63462,1204,1427,885119,1048704
67,Ethiopia,Africa,120812698.0,2025-07-28,2025-07-28 16:15:05+00:00,5412,,501157,488171,4148,63,7574,46066,5565340
68,Faeroe-Islands,Europe,49233.0,2025-07-28,2025-07-28 16:15:07+00:00,,,34658,,703959,569,28,15802409,778000
69,Falkland-Islands,South-America,3539.0,2025-07-28,2025-07-28 16:15:08+00:00,0,,1930,1930,545352,,,2439107,8632
70,Fiji,Oceania,909466.0,2025-07-28,2025-07-28 16:15:06+00:00,1006,,69117,67226,75997,973,885,739866,672883
71,Finland,Europe,5554960.0,2025-07-28,2025-07-28 16:15:04+00:00,170,,1516117,1503989,272930,2153,11958,2179850,12108977
72,France,Europe,65584518.0,2025-07-28,2025-07-28 16:15:02+00:00,0,,40138560,39970918,612013,2556,167642,4139547,271490188
73,French-Guiana,South-America,314169.0,2025-07-28,2025-07-28 16:15:06+00:00,86367,6,98041,11254,312065,1337,420,2072951,651257
74,French-Polynesia,Oceania,284164.0,2025-07-28,2025-07-28 16:15:06+00:00,,,79254,,278902,2287,650,,
75,Gabon,Africa,2331533.0,2025-07-28,2025-07-28 16:15:06+00:00,70,,49051,48674,21038,132,307,695641,1621909
76,Gambia,Africa,2558482.0,2025-07-28,2025-07-28 16:15:08+00:00,65,,12626,12189,4935,145,372,60851,155686
77,Georgia,Asia,3968738.0,2025-07-28,2025-07-28 16:15:04+00:00,,,1861665,,469082,4317,17132,4263340,16920079
78,Germany,Europe,83883596.0,2025-07-28,2025-07-28 16:15:02+00:00,405368,,38828995,38240600,462891,2182,183027,1458359,122332384
79,Ghana,Africa,32395450.0,2025-07-28,2025-07-28 16:15:06+00:00,2,,171889,170425,5306,45,1462,78456,2541625
80,Gibraltar,Europe,33704.0,2025-07-28,2025-07-28 16:15:07+00:00,,,20550,,609720,3353,113,15852213,534283
81,Greece,Europe,10316637.0,2025-07-28,2025-07-28 16:15:03+00:00,,,6101379,,591412,3671,37869,9909078,102228365
82,Greenland,North-America,56973.0,2025-07-28,2025-07-28 16:15:08+00:00,9189,4,11971,2761,210117,369,21,2894810,164926
83,Grenada,North-America,113475.0,2025-07-28,2025-07-28 16:15:07+00:00,97,4,19693,19358,173545,2097,238,1612523,182981
84,Guadeloupe,North-America,399794.0,2025-07-28,2025-07-28 16:15:05+00:00,,,203235,,508349,2554,1021,2346306,938039
85,Guatemala,North-America,18584039.0,2025-07-28,2025-07-28 16:15:04+00:00,1113,5,1291293,1269891,69484,1092,20289,408622,7593848
86,Guinea,Africa,13865691.0,2025-07-28,2025-07-28 16:15:07+00:00,347,,38572,37757,2782,34,468,47607,660107
87,Guinea-Bissau,Africa,2063367.0,2025-07-28,2025-07-28 16:15:08+00:00,508,6,9614,8929,4659,86,177,70385,145231
88,Guyana,South-America,794045.0,2025-07-28,2025-07-28 16:15:06+00:00,824,,74137,72013,93366,1637,1300,923396,733218
89,Haiti,North-America,11680283.0,2025-07-28,2025-07-28 16:15:07+00:00,73,,34667,33734,2968,74,860,11337,132422
90,Honduras,North-America,10221247.0,2025-07-28,2025-07-28 16:15:05+00:00,,,474590,,46432,1092,11165,162472,1660662
91,Hong-Kong,Asia,7604299.0,2025-07-28,2025-07-28 16:15:03+00:00,6680,,2937609,2916005,386309,1963,14924,10011143,76127725
92,Hungary,Europe,9606259.0,2025-07-28,2025-07-28 16:15:04+00:00,29029,,2230232,2152155,232164,5106,49048,1186160,11394556
93,Iceland,Europe,345393.0,2025-07-28,2025-07-28 16:15:05+00:00,,,209906,,607731,663,229,5780036,1996384
94,India,Asia,1406631776.0,2025-07-28,2025-07-28 16:15:02+00:00,,,45035393,,32016,379,533570,665334,935879495
95,Indonesia,Asia,279134505.0,2025-07-28,2025-07-28 16:15:03+00:00,20054,,6829221,6647104,24466,581,162063,408975,114158919
96,Iran,Asia,86022837.0,2025-07-28,2025-07-28 16:15:03+00:00,,,7627186,,88665,1707,146811,666338,57320267
97,Iraq,Asia,42164965.0,2025-07-28,2025-07-28 16:15:04+00:00,673,,2465545,2439497,58474,602,25375,463523,19544451
98,Ireland,Europe,5020199.0,2025-07-28,2025-07-28 16:15:04+00:00,170,19,1734582,1724921,345521,1891,9491,2606161,13083449
99,Isle-of-Man,Europe,85732.0,2025-07-28,2025-07-28 16:15:07+00:00,,,38008,,443335,1353,116,1758422,150753
100,Israel,Asia,9326000.0,2025-07-28,2025-07-28 16:15:03+00:00,30592,,4841772,4798473,519169,1363,12707,4436346,41373364
101,Italy,Europe,60262770.0,2025-07-28,2025-07-28 16:15:02+00:00,165544,22,26723249,26361218,443445,3261,196487,4665010,281126449
102,Ivory-Coast,Africa,27742298.0,2025-07-28,2025-07-28 16:15:06+00:00,52,,88384,87497,3186,30,835,60951,1690934
103,Jamaica,North-America,2985094.0,2025-07-28,2025-07-28 16:15:06+00:00,,,156869,,52551,1258,3756,396633,1183986
104,Japan,Asia,125584838.0,2025-07-28,2025-07-28 16:15:02+00:00,,,33803572,,269169,595,74694,799578,100414883
105,Jordan,Asia,10300869.0,2025-07-28,2025-07-28 16:15:04+00:00,1868,59,1746997,1731007,169597,1371,14122,1669945,17201885
106,Kazakhstan,Asia,19205043.0,2025-07-28,2025-07-28 16:15:04+00:00,14963,24,1411831,1383020,73514,721,13848,602707,11575012
107,Kenya,Africa,56215221.0,2025-07-28,2025-07-28 16:15:05+00:00,1132,,344130,337309,6122,101,5689,70569,3967062
108,Kiribati,Oceania,123419.0,2025-07-28,2025-07-28 16:15:08+00:00,2358,3,5085,2703,41201,194,24,,
109,Kuwait,Asia,4380326.0,2025-07-28,2025-07-28 16:15:05+00:00,,,667158,,152308,587,2570,1930391,8455743
110,Kyrgyzstan,Asia,6728271.0,2025-07-28,2025-07-28 16:15:05+00:00,7500,131,206897,196406,30750,445,2991,283460,1907195
111,Laos,Asia,7481023.0,2025-07-28,2025-07-28 16:15:05+00:00,,,218970,,29270,101,758,164845,1233207
112,Latvia,Europe,1848837.0,2025-07-28,2025-07-28 16:15:04+00:00,4384,,982505,971406,531418,3632,6715,4265272,7885792
113,Lebanon,Asia,6684849.0,2025-07-28,2025-07-28 16:15:04+00:00,145299,74,1243838,1087587,186068,1638,10952,717380,4795578
114,Lesotho,Africa,2175699.0,2025-07-28,2025-07-28 16:15:07+00:00,9435,,36138,25980,16610,332,723,198199,431221
115,Liberia,Africa,5305117.0,2025-07-28,2025-07-28 16:15:08+00:00,12,2,8090,7783,1525,56,295,26356,139824
116,Libya,Africa,7040745.0,2025-07-28,2025-07-28 16:15:05+00:00,2,,507274,500835,72048,914,6437,352782,2483848
117,Liechtenstein,Europe,38387.0,2025-07-28,2025-07-28 16:15:07+00:00,,,21574,,562013,2449,94,2929559,112457
118,Lithuania,Europe,2661708.0,2025-07-28,2025-07-28 16:15:04+00:00,431,,1397806,1387478,525154,3718,9897,3959997,10540357
119,Luxembourg,Europe,642371.0,2025-07-28,2025-07-28 16:15:05+00:00,,,391232,,609044,1918,1232,7140959,4587145
120,Macao,Asia,667490.0,2025-07-28,2025-07-28 16:15:07+00:00,24063,,27673,3487,41458,184,123,11760,7850
121,Madagascar,Africa,29178077.0,2025-07-28,2025-07-28 16:15:06+00:00,198,,68486,66862,2347,49,1426,18210,531329
122,Malawi,Africa,20180839.0,2025-07-28,2025-07-28 16:15:06+00:00,,,89535,,4437,133,2686,30959,624784
123,Malaysia,Asia,33181072.0,2025-07-28,2025-07-28 16:15:03+00:00,7790,11,5278406,5233268,159079,1126,37348,2066869,68580916
124,Maldives,Asia,540985.0,2025-07-28,2025-07-28 16:15:06+00:00,22691,25,186694,163687,345100,584,316,4092223,2213831
125,Mali,Africa,21473764.0,2025-07-28,2025-07-28 16:15:07+00:00,89,,33164,32332,1544,35,743,37483,804909
126,Malta,Europe,444033.0,2025-07-28,2025-07-28 16:15:06+00:00,386,,121420,120149,273448,1993,885,4888375,2170600
127,Marshall-Islands,Oceania,60057.0,2025-07-28,2025-07-28 16:15:08+00:00,0,,16138,16121,268711,283,17,,
128,Martinique,North-America,374087.0,2025-07-28,2025-07-28 16:15:05+00:00,,,230354,,615777,2946,1102,2215870,828928
129,Mauritania,Africa,4901981.0,2025-07-28,2025-07-28 16:15:06+00:00,380,,63848,62471,13025,203,997,206030,1009957
130,Mauritius,Africa,1274727.0,2025-07-28,2025-07-28 16:15:07+00:00,696,,43025,41278,33752,824,1051,281374,358675
131,Mayotte,Africa,286259.0,2025-07-28,2025-07-28 16:15:07+00:00,,,42027,,146815,657,188,618038,176919
132,Mexico,North-America,131562772.0,2025-07-28,2025-07-28 16:15:03+00:00,467986,,7702809,6899865,58549,2546,334958,152124,20013810
133,Micronesia,Oceania,117489.0,2025-07-28,2025-07-28 16:15:07+00:00,,,26547,,225953,553,65,701598,82430
134,Moldova,Europe,4013171.0,2025-07-28,2025-07-28 16:15:05+00:00,,,635145,,158265,3044,12218,801437,3216305
135,Monaco,Europe,39783.0,2025-07-28,2025-07-28 16:15:07+00:00,,,17181,,431868,1684,67,1976875,78646
136,Mongolia,Asia,3378078.0,2025-07-28,2025-07-28 16:15:04+00:00,0,,1011496,1009212,299429,676,2284,1193000,4030048
137,Montenegro,Europe,627950.0,2025-07-28,2025-07-28 16:15:05+00:00,1902,,296542,291794,472238,4532,2846,4410034,2769281
138,Montserrat,North-America,4965.0,2025-07-28,2025-07-28 16:15:08+00:00,19,,1403,1376,282578,1611,8,3577442,17762
139,Morocco,Africa,37772756.0,2025-07-28,2025-07-28 16:15:04+00:00,,,1278992,,33860,432,16303,344191,13001033
140,Mozambique,Africa,33089461.0,2025-07-28,2025-07-28 16:15:05+00:00,2676,11,233731,228805,7064,68,2250,41437,1371127
141,MS-Zaandam,,,2025-07-28,2025-07-28 16:15:09+00:00,0,,9,7,,,2,,
142,Myanmar,Asia,55227143.0,2025-07-28,2025-07-28 16:15:05+00:00,2219,,641873,620159,11622,353,19495,212061,11711514
143,Namibia,Africa,2633874.0,2025-07-28,2025-07-28 16:15:06+00:00,1184,,172389,167099,65451,1559,4106,403460,1062663
144,Nauru,Oceania,10903.0,2025-07-28,2025-07-28 16:15:08+00:00,45,,5393,5347,494635,92,1,1881042,20509
145,Nepal,Asia,30225582.0,2025-07-28,2025-07-28 16:15:04+00:00,97,,1003450,991322,33199,398,12031,200088,6047766
146,Netherlands,Europe,17211447.0,2025-07-28,2025-07-28 16:15:03+00:00,195,,8635786,8612599,501747,1336,22992,1509718,25984435
147,New-Caledonia,Oceania,290915.0,2025-07-28,2025-07-28 16:15:06+00:00,,,80064,,275214,1079,314,340182,98964
148,New-Zealand,Oceania,4898203.0,2025-07-28,2025-07-28 16:15:03+00:00,1623,,2621111,2613791,535117,1163,5697,1586011,7768604
149,Nicaragua,North-America,6779100.0,2025-07-28,2025-07-28 16:15:07+00:00,14041,,18491,4225,2728,33,225,,
150,Niger,Africa,26083660.0,2025-07-28,2025-07-28 16:15:08+00:00,729,1,9931,8890,381,12,312,9759,254538
151,Nigeria,Africa,216746934.0,2025-07-28,2025-07-28 16:15:05+00:00,4080,11,267188,259953,1233,15,3155,26339,5708974
152,Niue,Oceania,1622.0,2025-07-28,2025-07-28 16:15:09+00:00,3,,1059,1056,652898,,,,
153,North-Macedonia,Europe,2081304.0,2025-07-28,2025-07-28 16:15:05+00:00,3523,,350567,337068,168436,4793,9976,1069626,2226216
154,Norway,Europe,5511370.0,2025-07-28,2025-07-28 16:15:04+00:00,0,,1509732,1503094,273930,1204,6638,1996315,11002430
155,Oman,Asia,5323993.0,2025-07-28,2025-07-28 16:15:05+00:00,,,399449,,75028,869,4628,4695724,25000000
156,Pakistan,Asia,229488994.0,2025-07-28,2025-07-28 16:15:04+00:00,12583,,1581936,1538689,6893,134,30664,133292,30589153
157,Palau,Oceania,18233.0,2025-07-28,2025-07-28 16:15:08+00:00,4,,6290,6276,344979,548,10,3917841,71434
158,Palestine,Asia,5345541.0,2025-07-28,2025-07-28 16:15:05+00:00,159,,621008,615445,116173,1011,5404,575907,3078533
159,Panama,North-America,4446964.0,2025-07-28,2025-07-28 16:15:04+00:00,64,16,1059893,1051102,238341,1962,8727,1772585,7882622
160,Papua-New-Guinea,Oceania,9292169.0,2025-07-28,2025-07-28 16:15:07+00:00,26,,46864,46168,5043,72,670,26813,249149
161,Paraguay,South-America,7305843.0,2025-07-28,2025-07-28 16:15:04+00:00,,,837602,,114648,2759,20155,363751,2657506
162,Peru,South-America,33684208.0,2025-07-28,2025-07-28 16:15:03+00:00,0,4,4572667,4350506,135751,6595,222161,1158115,39010194
163,Philippines,Asia,112508994.0,2025-07-28,2025-07-28 16:15:03+00:00,6138,,4140383,4067381,36800,594,66864,320888,36102746
164,Poland,Europe,37739785.0,2025-07-28,2025-07-28 16:15:03+00:00,,,6661991,,176524,3196,120598,1041970,39323709
165,Portugal,Europe,10140570.0,2025-07-28,2025-07-28 16:15:03+00:00,127,61,5643062,5614809,556484,2774,28126,4549993,46139518
166,Qatar,Asia,2979915.0,2025-07-28,2025-07-28 16:15:05+00:00,147,16,514524,513687,172664,232,690,1364257,4065369
167,R&eacute;union,Africa,908061.0,2025-07-28,2025-07-28 16:15:05+00:00,,,494595,,544672,1014,921,1766027,1603660
168,Romania,Europe,19031335.0,2025-07-28,2025-07-28 16:15:03+00:00,657,21,3529735,3460149,185470,3622,68929,1511122,28758667
169,Russia,Europe,145805947.0,2025-07-28,2025-07-28 16:15:03+00:00,175641,,24124215,23545818,165454,2762,402756,1875095,273400000
170,Rwanda,Africa,13600464.0,2025-07-28,2025-07-28 16:15:06+00:00,11,,133518,132039,9817,108,1468,442778,6021981
171,S-Korea,Asia,51329899.0,2025-07-28,2025-07-28 16:15:02+00:00,0,,34571873,34535939,673523,700,35934,307892,15804065
172,Saint-Helena,Africa,6115.0,2025-07-28,2025-07-28 16:15:08+00:00,2164,,2166,2,354211,,,,
173,Saint-Kitts-and-Nevis,North-America,53871.0,2025-07-28,2025-07-28 16:15:08+00:00,0,,6607,6559,122645,891,48,2356704,126958
174,Saint-Lucia,North-America,185113.0,2025-07-28,2025-07-28 16:15:07+00:00,0,,30215,29805,163225,2215,410,1139752,210983
175,Saint-Martin,North-America,39730.0,2025-07-28,2025-07-28 16:15:08+00:00,,,12324,,310194,1586,63,2828643,112382
176,Saint-Pierre-Miquelon,North-America,5759.0,2025-07-28,2025-07-28 16:15:08+00:00,1001,,3452,2449,599410,347,2,4410488,25400
177,Samoa,Oceania,202239.0,2025-07-28,2025-07-28 16:15:07+00:00,15370,,17006,1605,84089,153,31,926612,187397
178,San-Marino,Europe,34085.0,2025-07-28,2025-07-28 16:15:07+00:00,46,,26185,26011,768226,3755,128,5775414,196855
179,Sao-Tome-and-Principe,Africa,227679.0,2025-07-28,2025-07-28 16:15:08+00:00,13,,6778,6685,29770,351,80,130008,29600
180,Saudi-Arabia,Asia,35844909.0,2025-07-28,2025-07-28 16:15:04+00:00,,,841469,,23475,269,9646,1268848,45481735
181,Senegal,Africa,17653671.0,2025-07-28,2025-07-28 16:15:06+00:00,58,,89053,87024,5044,112,1971,64946,1146543
182,Serbia,Europe,8653016.0,2025-07-28,2025-07-28 16:15:03+00:00,389,,2615054,2596608,302213,2087,18057,1555958,13463733
183,Seychelles,Africa,99426.0,2025-07-28,2025-07-28 16:15:06+00:00,0,,51220,51048,515157,1730,172,,
184,Sierra-Leone,Africa,8306436.0,2025-07-28,2025-07-28 16:15:08+00:00,,,7779,,937,15,126,31296,259958
185,Singapore,Asia,5943546.0,2025-07-28,2025-07-28 16:15:03+00:00,0,4,3006155,3004131,505785,341,2024,4165302,24756666
186,Sint-Maarten,North-America,43966.0,2025-07-28,2025-07-28 16:15:08+00:00,54,,11051,10905,251353,2093,92,1411454,62056
187,Slovakia,Europe,5460193.0,2025-07-28,2025-07-28 16:15:04+00:00,0,23,1877605,1856381,343872,3887,21224,1364199,7448789
188,Slovenia,Europe,2078034.0,2025-07-28,2025-07-28 16:15:04+00:00,22,,1356546,1349424,652803,3417,7100,1370382,2847701
189,Solomon-Islands,Oceania,721159.0,2025-07-28,2025-07-28 16:15:07+00:00,,,25954,,35989,276,199,,
190,Somalia,Africa,16841795.0,2025-07-28,2025-07-28 16:15:07+00:00,12791,,27334,13182,1623,81,1361,23778,400466
191,South-Africa,Africa,60756135.0,2025-07-28,2025-07-28 16:15:03+00:00,61362,192,4076463,3912506,67095,1689,102595,441027,26795090
192,South-Sudan,Africa,11618511.0,2025-07-28,2025-07-28 16:15:07+00:00,557,1,18819,18115,1620,13,147,35313,410280
193,Spain,Europe,46719142.0,2025-07-28,2025-07-28 16:15:03+00:00,30634,231,13914811,13762417,297840,2606,121760,10082298,471036328
194,Sri-Lanka,Asia,21575842.0,2025-07-28,2025-07-28 16:15:05+00:00,5,,672754,655852,31181,783,16897,300619,6486117
195,St-Barth,North-America,9945.0,2025-07-28,2025-07-28 16:15:08+00:00,,,5507,,553746,603,6,7908095,78646
196,St-Vincent-Grenadines,North-America,111551.0,2025-07-28,2025-07-28 16:15:08+00:00,57,,9674,9493,86723,1112,124,1023720,114197
197,Sudan,Africa,45992020.0,2025-07-28,2025-07-28 16:15:06+00:00,0,,63993,58947,1391,110,5046,12240,562941
198,Suriname,South-America,596831.0,2025-07-28,2025-07-28 16:15:06+00:00,,,82588,,138378,2359,1408,405822,242207
199,Sweden,Europe,10218971.0,2025-07-28,2025-07-28 16:15:03+00:00,230,,2754129,2726492,269511,2682,27407,1908301,19500873
200,Switzerland,Europe,8773637.0,2025-07-28,2025-07-28 16:15:03+00:00,292,,4453053,4438309,507549,1647,14452,2716487,23833472
201,Syria,Asia,19364809.0,2025-07-28,2025-07-28 16:15:06+00:00,0,,57743,54578,2982,163,3165,7553,146269
202,Taiwan,Asia,23888595.0,2025-07-28,2025-07-28 16:15:03+00:00,0,,10241523,10222518,428720,796,19005,1286903,30742304
203,Tajikistan,Asia,9957464.0,2025-07-28,2025-07-28 16:15:07+00:00,397,,17786,17264,1786,13,125,,
204,Tanzania,Africa,63298550.0,2025-07-28,2025-07-28 16:15:07+00:00,,,43223,,683,13,846,,
205,Thailand,Asia,70078203.0,2025-07-28,2025-07-28 16:15:03+00:00,42927,,4770149,4692636,68069,494,34586,246488,17273454
206,Timor-Leste,Asia,1369429.0,2025-07-28,2025-07-28 16:15:07+00:00,220,,23460,23102,17131,101,138,203391,278529
207,Togo,Africa,8680837.0,2025-07-28,2025-07-28 16:15:07+00:00,1,,39572,39281,4559,33,290,93908,815204
208,Tokelau,Oceania,1378.0,2025-07-28,2025-07-28 16:15:09+00:00,80,,80,,58055,,,,
209,Tonga,Oceania,107749.0,2025-07-28,2025-07-28 16:15:07+00:00,1299,,16950,15638,157310,121,13,4965327,535009
210,Trinidad-and-Tobago,North-America,1406585.0,2025-07-28,2025-07-28 16:15:06+00:00,28,,191496,187078,136143,3121,4390,649295,913289
211,Tunisia,Africa,12046656.0,2025-07-28,2025-07-28 16:15:04+00:00,,,1153361,,95741,2442,29423,416164,5013383
212,Turkey,Asia,85561976.0,2025-07-28,2025-07-28 16:15:03+00:00,,,17232066,,201399,1194,102174,1902052,162743369
213,Turks-and-Caicos,North-America,39741.0,2025-07-28,2025-07-28 16:15:08+00:00,3,4,6752,6709,169900,1007,40,15520193,616788
214,Tuvalu,Oceania,12066.0,2025-07-28,2025-07-28 16:15:08+00:00,,,2943,,243909,83,1,,
215,UAE,Asia,10081785.0,2025-07-28,2025-07-28 16:15:04+00:00,,,1067030,,105837,233,2349,19910389,200732262
216,Uganda,Africa,48432863.0,2025-07-28,2025-07-28 16:15:06+00:00,68086,,172149,100431,3554,75,3632,62198,3012408
217,UK,Europe,68497907.0,2025-07-28,2025-07-28 16:15:02+00:00,0,,24910387,24678275,363666,3389,232112,7628357,522526476
218,Ukraine,Europe,43192122.0,2025-07-28,2025-07-28 16:15:03+00:00,0,,5557995,5445577,128681,2603,112418,754855,32603805
219,Uruguay,South-America,3496016.0,2025-07-28,2025-07-28 16:15:04+00:00,2503,18,1041111,1030944,297799,2192,7664,1749083,6114822
220,USA,North-America,334805269.0,2025-07-28,2025-07-28 16:15:02+00:00,786167,940,111820082,109814428,333985,3642,1219487,3544901,1186851502
221,Uzbekistan,Asia,34382084.0,2025-07-28,2025-07-28 16:15:05+00:00,10539,23,253662,241486,7378,48,1637,40077,1377915
222,Vanuatu,Oceania,321832.0,2025-07-28,2025-07-28 16:15:08+00:00,29,,12019,11976,37346,44,14,77606,24976
223,Vatican-City,Europe,799.0,2025-07-28,2025-07-28 16:15:09+00:00,0,,29,29,36295,,,,
224,Venezuela,South-America,29266991.0,2025-07-28,2025-07-28 16:15:05+00:00,302,31,552695,546537,18885,200,5856,114771,3359014
225,Vietnam,Asia,98953541.0,2025-07-28,2025-07-28 16:15:03+00:00,941018,,11625195,10640971,117481,437,43206,867342,85826548
226,Wallis-and-Futuna,Oceania,10982.0,2025-07-28,2025-07-28 16:15:08+00:00,3104,,3550,438,323256,728,8,1867419,20508
227,Western-Sahara,Africa,626161.0,2025-07-28,2025-07-28 16:15:09+00:00,0,,10,9,16,2,1,,
228,Yemen,Asia,31154867.0,2025-07-28,2025-07-28 16:15:08+00:00,662,,11945,9124,383,69,2159,10579,329592
229,Zambia,Africa,19470234.0,2025-07-28,2025-07-28 16:15:05+00:00,3919,,349304,341316,17940,209,4069,211244,4112961
230,Zimbabwe,Africa,15331428.0,2025-07-28,2025-07-28 16:15:05+00:00,1731,12,266359,258888,17373,374,5740,164744,2525756
